{
  "device": {
    "name": "Intel RealSense D435I",
    "serial_number": "242522070778"
  },
  "timestamp": "2025-08-12T18:17:18",
  "streams": {
    "color": {
      "width": 640,
      "height": 480,
      "fx": 607.377685546875,
      "fy": 607.3712768554688,
      "cx": 309.5299987792969,
      "cy": 248.26678466796875,
      "model": "distortion.inverse_brown_conrady",
      "coeffs": [
        0.0,
        0.0,
        0.0,
        0.0,
        0.0
      ]
    },
    "depth": {
      "width": 640,
      "height": 480,
      "fx": 387.0759582519531,
      "fy": 387.0759582519531,
      "cx": 322.95184326171875,
      "cy": 238.4171142578125,
      "model": "distortion.brown_conrady",
      "coeffs": [
        0.0,
        0.0,
        0.0,
        0.0,
        0.0
      ]
    }
  },
  "extrinsics": {
    "depth_to_color": {
      "rotation_3x3_row_major": [
        0.9998937845230103,
        -0.012434350326657295,
        -0.007600289303809404,
        0.012397993355989456,
        0.9999115467071533,
        -0.004812109749764204,
        0.007659452501684427,
        0.004717370495200157,
        0.9999595284461975
      ],
      "translation_xyz_meters": [
        0.014779550023376942,
        -0.00035883396049030125,
        -0.0004169582680333406
      ]
    },
    "color_to_depth": {
      "rotation_3x3_row_major": [
        0.9998937845230103,
        0.012397993355989456,
        0.007659452501684427,
        -0.012434350326657295,
        0.9999115467071533,
        0.004717370495200157,
        -0.007600289303809404,
        -0.004812109749764204,
        0.9999595284461975
      ],
      "translation_xyz_meters": [
        -0.01478561107069254,
        0.00017355901945848018,
        0.00030543090542778373
      ]
    }
  }
}